{"cameraMode":{"drawMode":0,"name":"Shaded","section":"Shading Mode"},"sceneLighting":false,"audioPlay":false,"sceneViewState":{"m_AlwaysRefresh":false,"showFog":true,"showSkybox":false,"showFlares":true,"showImageEffects":true,"showParticleSystems":true,"showVisualEffectGraphs":true,"m_FxEnabled":true},"in2DMode":false,"pivot":{"x":2.5747761726379396,"y":4.397641181945801,"z":20.58810043334961},"rotation":{"x":-0.04567107930779457,"y":0.38416898250579836,"z":-0.019038790836930276,"w":-0.921915590763092},"size":0.6928201913833618,"orthographic":false}