{"cameraMode":{"drawMode":0,"name":"Shaded","section":"Shading Mode"},"sceneLighting":false,"audioPlay":false,"sceneViewState":{"m_AlwaysRefresh":false,"showFog":true,"showSkybox":false,"showFlares":true,"showImageEffects":true,"showParticleSystems":true,"showVisualEffectGraphs":true,"m_FxEnabled":true},"in2DMode":false,"pivot":{"x":2.0799999237060549,"y":4.210000038146973,"z":21.350000381469728},"rotation":{"x":-0.18425731360912324,"y":0.4685918688774109,"z":-0.10058757662773133,"w":-0.8580978512763977},"size":0.6928201913833618,"orthographic":false}