{"cameraMode":{"drawMode":0,"name":"Shaded","section":"Shading Mode"},"sceneLighting":false,"audioPlay":false,"sceneViewState":{"m_AlwaysRefresh":false,"showFog":true,"showSkybox":false,"showFlares":true,"showImageEffects":true,"showParticleSystems":true,"showVisualEffectGraphs":true,"m_FxEnabled":true},"in2DMode":false,"pivot":{"x":-20.619842529296876,"y":1.7041916847229005,"z":-6.198967456817627},"rotation":{"x":-0.012668360956013203,"y":0.9404014945030212,"z":-0.03528277948498726,"w":-0.33797216415405276},"size":23.859460830688478,"orthographic":false}