{"cameraMode":{"drawMode":0,"name":"Shaded","section":"Shading Mode"},"sceneLighting":false,"audioPlay":false,"sceneViewState":{"m_AlwaysRefresh":false,"showFog":true,"showSkybox":false,"showFlares":true,"showImageEffects":true,"showParticleSystems":true,"showVisualEffectGraphs":true,"m_FxEnabled":true},"in2DMode":false,"pivot":{"x":0.6897337436676025,"y":2.556623697280884,"z":3.666001081466675},"rotation":{"x":0.03362734615802765,"y":-0.3562470078468323,"z":0.012828248552978039,"w":0.9336872100830078},"size":3.4351768493652345,"orthographic":false}