{"cameraMode":{"drawMode":0,"name":"Shaded","section":"Shading Mode"},"sceneLighting":false,"audioPlay":false,"sceneViewState":{"m_AlwaysRefresh":false,"showFog":true,"showSkybox":false,"showFlares":true,"showImageEffects":true,"showParticleSystems":true,"showVisualEffectGraphs":true,"m_FxEnabled":true},"in2DMode":false,"pivot":{"x":22.857624053955079,"y":16.144996643066408,"z":14.819437026977539},"rotation":{"x":-0.11808036267757416,"y":0.2692837715148926,"z":-0.03330393508076668,"w":-0.955211341381073},"size":0.8660253882408142,"orthographic":false}