{"cameraMode":{"drawMode":0,"name":"Shaded","section":"Shading Mode"},"sceneLighting":false,"audioPlay":false,"sceneViewState":{"m_AlwaysRefresh":false,"showFog":true,"showSkybox":false,"showFlares":true,"showImageEffects":true,"showParticleSystems":true,"showVisualEffectGraphs":true,"m_FxEnabled":true},"in2DMode":false,"pivot":{"x":1.3917282819747925,"y":1.9528090953826905,"z":103.52627563476563},"rotation":{"x":0.07605031132698059,"y":-0.0985473096370697,"z":0.007549108937382698,"w":0.992180585861206},"size":0.8834050297737122,"orthographic":false}