{"cameraMode":{"drawMode":0,"name":"Shaded","section":"Shading Mode"},"sceneLighting":false,"audioPlay":false,"sceneViewState":{"m_AlwaysRefresh":false,"showFog":true,"showSkybox":false,"showFlares":true,"showImageEffects":true,"showParticleSystems":true,"showVisualEffectGraphs":true,"m_FxEnabled":true},"in2DMode":false,"pivot":{"x":156.11000061035157,"y":508.84002685546877,"z":131.39999389648438},"rotation":{"x":-0.0884552150964737,"y":0.17656369507312776,"z":-0.015936944633722307,"w":-0.9801813960075378},"size":31.64873695373535,"orthographic":false}