{"cameraMode":{"drawMode":0,"name":"Shaded","section":"Shading Mode"},"sceneLighting":false,"audioPlay":false,"sceneViewState":{"m_AlwaysRefresh":false,"showFog":true,"showSkybox":false,"showFlares":true,"showImageEffects":true,"showParticleSystems":true,"showVisualEffectGraphs":true,"m_FxEnabled":true},"in2DMode":false,"pivot":{"x":3.317807197570801,"y":4.447399616241455,"z":20.822174072265626},"rotation":{"x":-0.05786064267158508,"y":0.4397297501564026,"z":-0.028403200209140779,"w":-0.8957982063293457},"size":0.6928201913833618,"orthographic":false}