{"cameraMode":{"drawMode":0,"name":"Shaded","section":"Shading Mode"},"sceneLighting":false,"audioPlay":false,"sceneViewState":{"m_AlwaysRefresh":false,"showFog":true,"showSkybox":false,"showFlares":true,"showImageEffects":true,"showParticleSystems":true,"showVisualEffectGraphs":true,"m_FxEnabled":true},"in2DMode":false,"pivot":{"x":-0.02499997615814209,"y":-0.03641124814748764,"z":-0.15500003099441529},"rotation":{"x":-0.004829500336199999,"y":-0.9951435923576355,"z":0.07327500730752945,"w":-0.06547822803258896},"size":4.500051975250244,"orthographic":false}